<?xml version="1.0" encoding="utf-8"?>
<resources>
    <color name="purple_200">#FFBB86FC</color>
    <color name="purple_500">#EBE645</color>
    <color name="purple_700">#FF3700B3</color>
    <color name="teal_200">#FF03DAC5</color>
    <color name="teal_700">#FF018786</color>
    <color name="black">#FF000000</color>
    <color name="white">#FFFFFFFF</color>

    <color name="colorPrimary">#848cb7</color>
    <color name="colorPrimaryDark">#6d749f</color>
    <color name="colorAccent">#ff4081</color>
    <color name="colorRed">#ff3943</color>
    <color name="colorRedDark">#801b20</color>
    <color name="colorGreenLight">#abffc0</color>
    <color name="colorGreen">#753188</color>
    <color name="colorGreen1">#3eb959</color>
    <color name="colorWhite">#ffffff</color>
</resources>