<resources xmlns:tools="http://schemas.android.com/tools">
    <!-- Base application theme. -->
    <style name="Theme.GoogleLogin" parent="Theme.MaterialComponents.DayNight.NoActionBar">
        <!-- Primary brand color. -->
        <item name="colorPrimary">@color/purple_500</item>
        <item name="colorPrimaryVariant">@color/purple_700</item>
        <item name="colorOnPrimary">@color/white</item>
        <!-- Secondary brand color. -->
        <item name="colorSecondary">@color/teal_200</item>
        <item name="colorSecondaryVariant">@color/teal_700</item>
        <item name="colorOnSecondary">@color/black</item>
        <!-- Status bar color. -->
        <item name="android:statusBarColor" tools:targetApi="l">?attr/colorPrimaryVariant</item>
        <!-- Customize your theme here. -->
    </style>

    <style name="viewParentForgotPassword">
        <item name="android:layout_width">wrap_content</item>
        <item name="android:layout_height">wrap_content</item>
    </style>
    <style name="loginButtonForgotPassword" parent="viewParentForgotPassword">
        <item name="android:background">@drawable/forgot_password_login_button_bk</item>
        <item name="android:textColor">#fff</item>
        <item name="android:textStyle">bold</item>
    </style>
    <style name="loginButtonForgotPasswordReverse" parent="viewParentForgotPassword">
        <item name="android:background">@drawable/forgot_password_login_button_bk_reverse</item>
        <item name="android:textColor">#fff</item>
        <item name="android:textStyle">bold</item>
    </style>


</resources>